keyword,count
based on novel or book,174
sequel,111
based on true story,77
murder,74
duringcreditsstinger,71
christmas,53
new york city,51
woman director,50
revenge,48
anime,46
aftercreditsstinger,44
villain,43
friendship,41
based on comic,41
love,40
standup comedy,36
superhero,36
remake,35
california,35
detective,35
biography,35
serial killer,35
based on manga,34
romcom,30
investigation,30
amused,29
martial arts,29
high school,29
holiday,29
kidnapping,27
police,26
coming of age,26
assassin,26
sports,25
dystopia,25
los angeles,25
admiring,25
family,25
absurd,24
romance,24
musical,23
female protagonist,23
magic,22
france,22
dog,22
survival,22
true crime,21
suspenseful,21
heist,21
england,21
alien,20
mexico,20
aggressive,19
1990s,19
italy,19
lgbt,19
super power,19
based on young adult novel,19
small town,19
shounen,18
london,18
paris,18
spy,18
ghost,18
supernatural,18
prison,17
monster,17
husband wife relationship,17
short film,17
hilarious,17
death,17
escape,17
time travel,16
central intelligence agency cia,16
world war ii,16
teenage girl,16
bank robbery,16
1980s,16
gangster,16
school,16
based on video game,16
betrayal,16
romantic,16
vampire,15
hitman,15
fbi,15
creature,15
anthropomorphism,15
documentary,15
criminal,15
single mother,15
father daughter relationship,15
conspiracy,15
based on tv series,15
fight,14
intense,14
military,14
animals,14
audacious,13
psychological thriller,13
family relationships,13
gay theme,13
rape,13
adoring,13
zombie,13
spain,13
battle,13
drug dealer,13
teenager,13
on the run,12
dark comedy,12
doctor,12
road trip,12
texas,12
1940s,12
dramatic,12
artificial intelligence ai,12
drugs,12
japan,12
robot,12
mother son relationship,12
based on childrens book,12
police officer,12
illumination,12
parent child relationship,12
live action and animation,12
bold,12
affectation,12
terrorism,12
missing person,11
clich,11
19th century,11
1970s,11
robbery,11
money,11
hero,11
china,11
island,11
secret agent,11
action hero,11
marriage,11
based on toy,11
slasher,11
father son relationship,11
excited,11
loss of loved one,11
hospital,10
hostage,10
tense,10
buddy cop,10
thief,10
exorcism,10
teenage boy,10
teen movie,10
teacher,10
wedding,10
corruption,10
exhilarated,10
demon,10
best friend,10
usa,10
future,10
frightened,10
secret identity,10
espionage,10
sentimental,10
shootout,10
brother brother relationship,10
2000s,10
mission,10
norway,10
pennsylvania,10
murder mystery,10
blackmail,9
dragon,9
familiar,9
pets,9
satire,9
journalist,9
chase,9
secret organization,9
mother daughter relationship,9
playful,9
fairy tale,9
agent,9
daughter,9
period drama,9
female friendship,9
space,9
halloween,9
apocalypse,9
undercover,9
reboot,9
bullying,9
based on movie,9
1960s,9
ship,9
buddy comedy,9
infidelity,9
based on graphic novel,9
prequel,9
suicide,9
gun,9
violence,9
awestruck,9
postapocalyptic future,9
flashback,9
soldier,9
cheerful,8
rivalry,8
explosion,8
giant monster,8
sports documentary,8
jealousy,8
village,8
rescue mission,8
curse,8
brutality,8
female assassin,8
appreciative,8
friends,8
psychopath,8
inspirational,8
whodunit,8
santa claus,8
home invasion,8
florida,8
assertive,8
snow,8
anxious,8
india,8
disrespectful,7
live action remake,7
mother,7
sympathetic,7
shark,7
kids,7
dinosaur,7
germany,7
suspense,7
survival horror,7
desert,7
supervillain,7
samurai,7
secrets,7
forest,7
football soccer,7
las vegas,7
summer,7
scientist,7
black and white,7
obsession,7
sea,7
teen superhero,7
high school student,7
singer,7
animal attack,7
falling in love,7
dreary,7
hotel,7
witch,7
cartoon,7
eroticism,7
south korea,7
drug cartel,7
car accident,7
basketball,7
prostitute,7
massachusetts,7
illinois,7
prison escape,7
social media,7
pregnancy,7
organized crime,7
sibling relationship,7
angry,7
louisiana,7
africa,7
neonoir,7
struggle for survival,7
jungle,7
teenage romance,7
werewolf,7
alcoholic,7
vigilante,7
memory loss,7
vibrant,7
workaholic,6
bdsm,6
disturbed,6
softcore,6
loner,6
based on short,6
fake identity,6
sniper,6
biting,6
slice of life,6
bank,6
based on webcomic or webtoon,6
life,6
vigilante justice,6
underwater,6
spin off,6
disaster movie,6
peru,6
family secrets,6
mercenary,6
exuberant,6
europe,6
sister sister relationship,6
best friends,6
extramarital affair,6
adultery,6
vacation,6
adventure,6
bank robber,6
poverty,6
oslo,6
alien invasion,6
hopeful,6
murder investigation,6
archive footage,6
killer,6
cop,6
morocco,6
thailand,6
widower,6
cautionary,6
hurricane,6
antagonistic,6
talking animal,6
gore,6
possession,6
cat,6
anti hero,6
1920s,6
teen comedy,6
new jersey,6
kingdom,6
kung fu,6
new orleans,6
brother sister relationship,6
alien lifeform,6
crime documentary,6
war,6
nature,6
airplane,6
racism,6
prehistory,6
alcoholism,6
bomb,6
chicago,6
transformation,6
surveillance,6
training,6
child kidnapping,6
gang,6
airplane hijacking,6
national intelligence service nis,5
dramedy,5
drama,5
celebratory,5
celebrity,5
undercover agent,5
zombie apocalypse,5
train,5
treasure hunt,5
travel,5
based on play or musical,5
dysfunctional family,5
burlesque,5
traitor,5
married couple,5
cat and mouse,5
mass murder,5
mysterious,5
canada,5
car crash,5
bratva russian mafia,5
castle,5
capitalism,5
spectacle,5
dracula,5
dirty cop,5
occult,5
sweden,5
corpse,5
moon,5
mexico city,5
death of father,5
covid19,5
coworkers relationship,5
death game,5
dating,5
earthquake,5
stop motion,5
newspaper or article,5
dance,5
mistaken identity,5
mental illness,5
competition,5
spacecraft,5
disaster,5
nature documentary,5
domestic abuse,5
divorce,5
diving,5
child prodigy,5
nazi,5
superhero team,5
neighbor,5
mountain,5
technology,5
body horror,5
teacher student relationship,5
distressing,5
comforting,5
commando,5
3d animation,5
scotland,5
based on magazine,5
philadelphia,5
ridiculous,5
good versus evil,5
god,5
king,5
gentle,5
roommates,5
plane crash,5
knight,5
pilot,5
brooklyn,5
police chase,5
secret,5
lawyer,5
secret love,5
secret society,5
female soldier,5
female empowerment,5
virus,5
fear,5
lighthearted,5
grand,5
grief,5
family comedy,5
wolf,5
winter,5
prince,5
prisoner,5
witchcraft,5
prom,5
interview,5
widow,5
wizard,5
race against time,5
historical,5
reunion,5
police detective,5
joyful,5
haunting,5
haunted house,5
reincarnation,5
animation,5
police corruption,5
gunfight,5
apartment building,5
father,5
photographer,5
afghanistan,5
parenting,5
elves,5
shipwreck,5
excon,5
loss of virginity,5
enthusiastic,5
social media influencer,5
erotic thriller,5
love affair,5
child abuse,4
child,4
terrorist attack,4
hand to hand combat,4
older woman younger man relationship,4
terror,4
love triangle,4
older woman seduces younger guy,4
redemption,4
loving,4
relationship,4
heroism,4
telekinesis,4
relationship problems,4
parody,4
judge,4
class differences,4
college,4
grandfather grandson relationship,4
grandmother,4
climate change,4
rich man poor woman,4
neowestern,4
sister,4
hacker,4
mathematics,4
retired,4
drug,4
drug addiction,4
slapstick comedy,4
end of the world,4
rescue,4
marvel cinematic universe mcu,4
therapist,4
independent film,4
tragic,4
macabre,4
mafia,4
immortality,4
princess,4
making of,4
pretend relationship,4
buddy film,4
interpol,4
mysterious woman,4
insanity,4
treasure,4
powerful,4
brothers,4
intelligence,4
interkorean relations,4
egypt,4
manhattan,4
coma,4
time loop,4
music documentary,4
soldiers,4
cell phone,4
one man army,4
hometown,4
cave,4
homicide,4
horrified,4
car race,4
panic,4
pop music,4
human animal relationship,4
casino,4
human trafficking,4
tomb,4
psychiatrist,4
colorado,4
road movie,4
single father,4
desperate,4
experiment,4
selfdiscovery,4
defiant,4
stalker,4
stalking,4
standup,4
divorced,4
special forces,4
seduction,4
miami,4
dea agent,4
nostalgic,4
exmarine,4
female villain,4
memory,4
spy thriller,4
mentor protg relationship,4
dark,4
devil,4
spider,4
disheartening,4
family drama,4
loneliness,4
sex comedy,4
disappearance,4
fantasy world,4
diplomat,4
farm,4
fashion,4
pathetic,4
spoof,4
ocean,4
seoul,4
sheriff,4
melodramatic,4
fighting,4
sexual assault,4
fraud,4
funeral,4
sadism,4
courtroom drama,4
exboyfriend,4
generation z,4
ex special forces,4
georgia,4
old man,4
ghetto,4
kaiju,4
singing,4
gold,4
complex,4
police brutality,4
mean spirited,4
double cross,4
frantic,4
dancing,4
found footage,4
street gang,4
ogre,4
cynical,4
fire,4
first love,4
fish out of water,4
domestic violence,4
crossover,4
nollywood,4
flight,4
flight attendant,4
flood,4
orphan,4
saving the world,4
foreboding,4
paranoia,4
,4
billionaire,4
us navy,4
airplane crash,4
behind the scenes,4
based on real person,4
anthology,4
brazil,4
1900s,4
victorian england,4
whimsical,4
animal human friendship,4
video game,4
assault rifle,4
airport,4
atlanta,4
adaptation,4
15th century,4
breakup,4
2020s,4
bible,4
based on memoir or autobiography,4
tsunami,4
boxing,4
adult animation,4
twins,4
assistant,4
american abroad,4
writer,4
boat,4
baffled,4
arrogant,4
baby,4
vikings norsemen,4
empathetic,3
semibiographical,3
investigator,3
architect,3
feelgood,3
condescending,3
phone call,3
concert,3
sports car,3
rogue agent,3
audition,3
iraq war,3
destination wedding,3
ishin shishi,3
mi6,3
genetic engineering,3
irreverent,3
michigan,3
seinen,3
ufo,3
self sacrifice,3
rome,3
middle ages 4761453,3
vision of the future,3
washington dc,3
female detective,3
destruction of planet,3
sword,3
sword and sorcery,3
opposites attract,3
midlife crisis,3
consumerism,3
construction worker,3
washington,3
photography,3
con man,3
dignified,3
fbi agent,3
sport competition,3
taxi driver,3
club,3
alternative reality,3
grave,3
clone,3
posttraumatic stress disorder ptsd,3
revolution,3
killing spree,3
family vacation,3
climate crisis,3
b movie,3
personal assistant,3
apologetic,3
grieving,3
reunited friends,3
amazon rainforest,3
persona,3
bodyguard,3
group of friends,3
bodyswap,3
teen drama,3
growing up,3
young woman,3
male friendship,3
cold war,3
mischievous,3
tyrannosaurus rex,3
inventor,3
millionaire,3
portal,3
abuse,3
taliban,3
global warming,3
favor,3
original net animation ona,3
malicious,3
berlin,3
commanding,3
approving,3
golf,3
archaeologist,3
boarding school,3
ritual,3
comedian,3
colombia,3
tank,3
disease,3
spirit,3
interracial relationship,3
swamp,3
alien spaceship,3
royal family,3
kiss,3
plane,3
action comedy,3
cyberpunk,3
strip club,3
scam,3
forbidden love,3
strong woman,3
forceful,3
melancholy,3
marseille,3
cultural difference,3
one night,3
cult,3
satirical,3
pirate,3
jukebox musical,3
cruise ship,3
abusive husband,3
crude humor,3
fighter pilot,3
joyous,3
black cinema,3
suicide attempt,3
womens prison,3
alaska,3
female sexuality,3
action,3
dead dog,3
assassination,3
accountant,3
stockholm,3
science documentary,3
waitress,3
yacht,3
scuba diving,3
fireworks,3
planet earth,3
dark secret,3
firefighter,3
artist,3
storm,3
maze,3
bird,3
fired from a job,3
straightforward,3
school life,3
seattle,3
kentucky,3
death of brother,3
planet,3
sarcastic,3
formula one f1,3
sao paulo,3
journey,3
marijuana,3
crash landing,3
future earth,3
future vision,3
cowboy,3
cowardliness,3
demonic,3
surgery,3
game,3
deportation,3
courtroom,3
games,3
political corruption,3
gang of thieves,3
unassuming,3
couple,3
squirrel,3
guilt,3
female superhero,3
rural area,3
runner,3
jail,3
politics,3
sadness,3
fugitive,3
observational documentary,3
volcano,3
alien friendship,3
deception,3
fighter,3
framed for murder,3
undercover operation,3
super villain,3
criminal mastermind,3
undercover cop,3
san francisco,3
black magic,3
samurai sword,3
brother,3
jidaigeki,3
crime scene,3
marital separation,3
police operation,3
crime boss,3
crime,3
online dating,3
supernatural creature,3
safecracker,3
supernatural power,3
legal thriller,3
greece,3
fish,3
bakumatsu,3
exorcist,3
pyramid,3
drug lord,3
afterlife,3
prosecutor,3
drug rehabilitation,3
drug smuggling,3
callous,3
drug trafficking,3
motherhood,3
execution,3
vengeance,3
time,3
edited from tv series,3
veterinary,3
catholic priest,3
quest,3
pretentious,3
motel,3
chef,3
bankruptcy,3
20th century,3
cheating,3
hedgehog,3
shinsengumi,3
erotic romance,3
heir to the throne,3
video surveillance,3
chance meeting,3
mad scientist,3
natural disaster,3
2050s,3
social commentary,3
amnesia,3
rebellion,3
drone,3
vampire human love,3
murder trial,3
sonic cinematic universe,3
shotgun,3
tragedy,3
motorcycle,3
animal horror,3
private school,3
historical documentary,3
mumbai bombay,3
historical drama,3
canuxploitation,3
bank heist,3
holidays,3
historical fiction,3
sociopath,3
moving,3
evil dictator,3
love story,3
prize,3
racial tension,3
tournament,3
evil,3
euphoric,3
venice,3
mummy,3
motorcycle gang,3
gun battle,3
excia agent,3
bank manager,3
boys love bl,3
casual,3
love problems,3
troll,3
cancer,3
cartoon donkey,3
titanic,3
ex military,3
candid,3
18th century,3
1910s,3
professor,3
socialite,3
sisterhood,3
thanksgiving,3
space travel,3
musician,3
provocative,3
skyscraper,3
enchant,3
teenage love,3
doppelgnger,3
trauma,3
brisk,3
library,3
vigilantism,3
relaxed,3
montana,3
telepathy,3
lesbian,3
us marine,3
trapped,3
religion,3
christianity,3
hostage situation,3
hostagetaking,3
liberation,3
zoo,3
bombing,3
based on anime,3
hunger,3
bucket list,3
ancient egypt,3
humiliation,3
backstory,3
loss and grief,3
ambivalent,3
horror,3
divorcee,3
double life,3
sisters,3
pedophile,3
sexual abuse,3
wildlife,3
hunter,3
world war i,3
monkey,3
extreme sports,3
bounty hunter,3
beach,3
eiffel tower,3
usa president,3
usamexico border,3
animal shelter,3
loss,3
vietnam,3
adventurer,3
epic,3
employer employee relationship,3
family conflict,3
money laundering,3
space opera,3
penguin,3
docudrama,3
babysitter,3
sincere,2
plastic surgery,2
enemies to lovers,2
loss of sense of reality,2
assassination plot,2
baseball bat,2
enclosed space,2
secret mission,2
plastic surgeon,2
enchantment,2
world trade center,2
final exam,2
bartender,2
astronomer,2
pittsburgh,2
secret past,2
film in film,2
film in chapters,2
erotique,2
plague doctor,2
envy,2
asteroid,2
astronaut,2
sisters wedding,2
escaped convict,2
lookalike,2
partnership,2
bank vault,2
finland,2
estranged sister,2
barking dog,2
singing competition,2
baron,2
search party,2
kraken,2
los angeles airport lax,2
fight for justice,2
secret passage,2
family history,2
evacuation,2
fashion magazine,2
aviation,2
woodpecker,2
farmer,2
air force,2
aging,2
violence against women,2
separation,2
lies,2
fashion journal,2
autism,2
penthouse,2
violence in schools,2
father daughter conflict,2
father daughter reunion,2
father figure,2
exwife,2
father son conflict,2
author,2
fatherhood,2
extraterrestrial life form,2
farcical,2
faith,2
sherlock holmes,2
woods,2
family dynamics,2
sex trafficking,2
villainess,2
sexual attraction,2
legal drama,2
legends or folklore,2
baba yaga,2
family business,2
lemur,2
sexual violence,2
peplum,2
lethal virus,2
false accusations,2
sex,2
shaman,2
sewer,2
pet,2
shanghai,2
fantasy,2
vindictive,2
philosophical,2
viral,2
fianc fiance relationship,2
security,2
lion,2
past relationship,2
atomic bomb test,2
female warrior,2
shower,2
past regrets,2
sibling,2
security guard,2
female writer,2
evolution,2
attempted murder,2
past,2
pickup truck,2
pig,2
livestream,2
secret relationship,2
sign languages,2
silent film,2
secret prison,2
fianc,2
veteran,2
vlogger,2
late coming of age,2
experimental drug,2
bakery,2
semiprequel,2
semi autobiographical,2
selfreferential,2
last stand,2
female agent,2
shocking,2
lifestyle,2
shooting dog,2
mythical creature,2
seeing the future,2
ballet,2
shopping mall,2
agegap relationship,2
exhusband exwife relationship,2
lapd,2
lighthouse,2
exgirlfriend,2
lightning,2
excop,2
physical deformity,2
brothel,2
plasticine,2
pretend family,2
helicopter parenting,2
wilderness,2
helicopter,2
held at gunpoint,2
heist gone wrong,2
heirs,2
animal sanctuary,2
reality television,2
wildfire,2
indiana,2
heartfelt,2
president,2
hearing impaired,2
indigenous,2
reality vs fantasy,2
incest,2
killing,2
rapper,2
ransom demand,2
animal kingdom,2
immigration,2
high school american football,2
high rise,2
american football player,2
hidden past,2
pretending to be gay,2
american football,2
hetrosexuality,2
hetrosexual relationship,2
hetrosexism,2
wild west,2
american civil war,2
health documentary,2
indigenous peoples,2
premonition,2
hairdresser,2
reminiscent,2
innocent in jail,2
ambiguous,2
remote island,2
insect,2
reporter,2
predator,2
reflective,2
insider trading,2
antidote,2
precode,2
rescue operation,2
rescue team,2
wish,2
anthropomorphic animal,2
hand drawn animation,2
handgun,2
hanging out,2
inmate,2
religious,2
release from prison,2
pregnant woman,2
harsh,2
west africa,2
inheritance,2
informative,2
ambush,2
animals  nature,2
refugee,2
hawaii,2
infection,2
high school reunion,2
high school rivalry,2
ransom,2
protective mother,2
publishing house,2
hunted,2
puppy,2
horror for children,2
horror comedy,2
android,2
purple heart,2
prophecy,2
hunting human beings,2
protection,2
prostitution,2
hooliganism,2
hooligan,2
hong kong,2
public humiliation,2
andes mountains,2
hostage negotiator,2
hostile,2
hostility,2
hungary,2
psychotronic,2
house,2
psychotic break,2
house party,2
psychiatric hospital,2
anarchism,2
psychologist,2
human vs alien,2
psychological stress,2
psychic,2
psychological abuse,2
honeymoon,2
propaganda,2
high school sports,2
private investigator,2
historical figure,2
historical event,2
hippopotamus,2
illness,2
himalaya mountain range,2
hiking,2
hijacked flight,2
queen,2
hijack,2
rage,2
rain,2
private detective,2
immigrant,2
animal killing,2
radiation,2
illegal drugs,2
animal evolution,2
animal documentary,2
hitwoman,2
idol,2
identity theft,2
identity,2
hollywood,2
professional assassin,2
race car driver,2
animal cruelty,2
quicksand,2
ice age,2
ice,2
animal behaviour,2
promise,2
antisemitism,2
prayer,2
inspiring,2
war on drugs,2
police station,2
army veteran,2
police psychologist,2
jewish american,2
jewish family,2
friends in love,2
french police,2
alcohol problems,2
freezing,2
job interview,2
sandstorm,2
wolfman,2
found family,2
joseon dynasty 13921910,2
sahara desert,2
safe,2
polish mafia,2
alien planet,2
parenthood,2
sacrifice,2
sabotage,2
gambling addiction,2
rv,2
game night,2
gang rape,2
russia,2
japanese high school,2
gangsters,2
runaway,2
gay romance,2
pony,2
journalism,2
satanism,2
arizona,2
florence,2
food,2
fog,2
kerstmis,2
poland,2
flying,2
school of witchcraft,2
asian american,2
satellite,2
school trip,2
kidnapped,2
plot twist,2
playboy,2
fistfight,2
fisherman,2
schizophrenia,2
kamikaze,2
sceptical,2
womanizer,2
food shortage,2
justice,2
scandal,2
wall street,2
football soccer stadium,2
police chief,2
arthurian mythology,2
art thief,2
saving christmas,2
alchemy,2
save the planet,2
alcohol,2
walled city,2
gender roles,2
rooftop,2
inspiring story,2
graduation party,2
internet scam,2
alternate universe,2
post spanish civil war,2
riddle,2
grandfather,2
arbitrary law,2
graduation,2
archaeology,2
post apocalypse,2
interrogation,2
rio de janeiro,2
interspecies romance,2
government conspiracy,2
river,2
grandparent grandchild relationship,2
internet crime,2
internet,2
great britain,2
postwar italy,2
revenge thriller,2
alzheimers disease,2
interdimensional travel,2
revenge murderer,2
interactive,2
power dynamics,2
return to hometown,2
return,2
power outage,2
retired assassin,2
website,2
restaurant,2
wealth,2
witness protection,2
genetic mutation,2
ireland,2
ghost story,2
invisible person,2
pop star,2
washington state,2
getaway driver,2
iraq war veteran,2
argentina,2
gold heist,2
warrior woman,2
romantic drama,2
warrior,2
pop culture,2
genocide,2
genetics,2
investment,2
porn industry,2
rock music,2
gifted children,2
giraffe,2
girl fight,2
girl next door,2
girlfriend,2
witness to murder,2
girls school,2
invasion,2
invaders,2
archery,2
introspective,2
intrigue,2
godzilla,2
archeology,2
war veteran,2
parentsinlaw,2
lost at sea,2
norwegian history,2
swimming pool,2
not too distant future,2
copycat killer,2
absent father,2
suspicion,2
corporation,2
blood sucking,2
nuclear missile,2
nuclear submarine,2
mexican border,2
nuclear weapons,2
nude swimming,2
survival competition,2
numbers,2
uncle,2
court case,2
metoo,2
cousin cousin relationship,2
surrealism,2
meteorite,2
craigslist,2
surgeon,2
blackout,2
underage drinking,2
creature feature,2
supernatural horror,2
lost city,2
young daughter,2
young couple,2
controversy,2
middle east,2
crime fighter,2
contract killer,2
minnesota,2
talking cat,2
talk show,2
compassionate,2
blunt,2
compilation,2
north ireland,2
complicated,2
computer,2
north korea,2
computer programmer,2
con,2
con artist,2
north korean defector,2
military veteran,2
north sea,2
confession,2
young heroes,2
synthetic drug,2
northumbria,2
uber,2
abduction,2
migration,2
symbiote,2
consequences,2
swordswoman,2
bloody,2
midwest,2
sword fight,2
black people,2
crime investigation,2
comedy thriller,2
yale university,2
stranger,2
medallion,2
mechanical engineering,2
yakuza,2
dark past,2
old testament,2
matter of fact,2
biological disaster,2
dating show,2
stockbroker,2
older man younger woman relationship,2
dc extended universe dceu,2
dea,2
older sister younger brother,2
stock price,2
stock market,2
wyoming,2
massacre,2
bio terrorism,2
death match,2
masked vigilante,2
ominous,2
masculinity,2
one day,2
death of king,2
death of parent,2
starvation,2
wuxia,2
death of wife,2
birthday,2
old footage,2
young boy,2
bitcoin,2
young adult,2
superhero teamup,2
black ops,2
criminal gang,2
ocean liner,2
criminal underworld,2
crisis,2
critical,2
super hero girls,2
mental health,2
summer vacation,2
summer camp,2
abusive father,2
underground,2
crown,2
memories,2
cryptocurrencies,2
suburb,2
substance abuse,2
submarine,2
yorkshire,2
office,2
understated,2
cyber terrorism,2
cyborg,2
bite,2
medieval,2
old flame,2
street race,2
comet,2
comedy,2
decapitation,2
zebra,2
cannibal,2
tracking device,2
multiple stabbings,2
caper comedy,2
naval combat,2
capture,2
brawl,2
bravery,2
near future,2
tough girl,2
torture,2
told in flashback,2
1930s,2
toad,2
mount everest,2
tropical island,2
time warp,2
motorcycle chase,2
time machine,2
catastrophe,2
1950s,2
time jump,2
tiger,2
cavemen,2
2010s,2
thug,2
thriller,2
three musketeers,2
2040s,2
traditional family,2
tragic event,2
new england,2
camping,2
tree,2
mystery,2
british spy,2
trench warfare,2
bubble comics,2
budapest,2
treason,2
mysterious events,2
buddy,2
british monarchy,2
10th century,2
buddy movie,2
narcissist,2
british army,2
musketeer,2
trapped underwater,2
tribe,2
nasa,2
transport of prisoners,2
national basketball association nba,2
1620s,2
murderous intentions,2
murderer,2
cairo,2
17th century,2
murder spree,2
breaking the fourth wall,2
calm,2
camp,2
central america,2
moses,2
combat,2
christmas party,2
newsreel footage,2
mixed martial arts mma,2
church,2
tv series reunion,2
teenage crush,2
youtube,2
circus,2
city life,2
twin brother,2
night life,2
claymation,2
tech noir,2
cleopatra,2
nightclub,2
climate breakdown,2
twist,2
climate emergency,2
climate observatory,2
teamwork,2
teammate,2
teachers and students,2
clown,2
clue,2
cocaine,2
coffin,2
college friends,2
abandoned house,2
college student,2
nonlinear timeline,2
christmas spirit,2
christmas eve,2
chainsaw,2
christian film,2
truth,2
champion,2
theatre,2
the white house,2
moral dilemma,2
thai,2
moonlighting,2
new love,2
bow and arrow,2
chicken,2
new mexico,2
child abduction,2
terrorist group,2
boston,2
tutor,2
tv host,2
tennessee,2
911,2
temptation,2
childhood trauma,2
book editor,2
new york state,2
book,2
chipmunk,2
teenage protagonist,2
model,2
chosen one,2
christian,2
christian faith,2
standup comedian,2
cricket,2
space vessel,2
documentary short,2
doll,2
social experiment,2
man woman relationship,2
beverly hills,2
education,2
drug use,2
beauty standards,2
based on cartoon,2
based on light novel,2
sports agent,2
origin story,2
soul music,2
man child,2
us army,2
dimensional travel,2
dinner party,2
detroit,2
detectives,2
actress,2
manhunt,2
drug dealing,2
beating the odds,2
manipulation,2
panda,2
destiny,2
love interest,2
us marshal,2
love letter,2
destruction,2
drug mule,2
parallel world,2
drug overdose,2
spaceship,2
pandemic,2
social dynamics,2
malibu,2
overdose,2
basketball player,2
dying and death,2
drunkenness,2
dual identity,2
belfast,2
disguise,2
disgusted,2
uprising,2
spider bite,2
dual role,2
direct,2
adolescence,2
luck,2
sonar,2
makeover,2
based on twitter thread,2
somalia,2
district attorney,2
spirit possession,2
based on short story,2
magical realism,2
special ops,2
unorthodox,2
social outcast,2
special agent,2
dj,2
paramedic,2
socially awkward,2
bee,2
disapproving,2
based on myths,2
parade,2
divorced father,2
sonic adventure 2,2
paradise,2
urgent,2
lovesickness,2
beating,2
speed,2
adoption,2
madrid,2
denial,2
lost memory,2
deep space,2
demonic possession,2
snowman,2
lost treasure,2
space research,2
vampire hunter slayer,2
onenight stand,2
pact with the devil,2
deer,2
palace intrigue,2
snake,2
marketing,2
social  cultural documentary,2
space adventure,2
dementia,2
defense attorney,2
demeaning,2
stabbing,2
stage,2
paranormal,2
baseball stadium,2
unicorn,2
embarrassed,2
space mission,2
denver,2
driver,2
lost film,2
deputy sheriff,2
advertising expert,2
drug crime,2
domineering,2
elasticity,2
basketball team,2
space war,2
elderly,2
actor,2
derogatory,2
valentines day,2
marriage counselling,2
battle for power,2
depressing,2
madagascar,2
dreams,2
emergency landing,2
drinking,2
new life,1
nickname,1
zaire,1
new girl at school,1
parallel lives,1
working mothers,1
pastiche,1
pretend marriage,1
nigerian cinema,1
pastor,1
paradise beaches,1
new identity,1
power takeover,1
power of the people,1
zazzou,1
new neighbor,1
nigeria,1
presidential candidate,1
patent scam,1
new mexican cinema,1
preschool,1
patriarch,1
nicaragua,1
wish fulfillment,1
practical special effects,1
precocious child,1
pandoras box,1
new york public library,1
patricide,1
paleontology,1
newsreel cameraman,1
palm beach,1
precognition,1
youtuber,1
new zealand,1
pregnancy test,1
winter sport,1
newark,1
newborn baby,1
wrestling team,1
news reporter,1
patriarchy,1
new york knicks,1
working class,1
prehistoric creature,1
niagara falls,1
yule log,1
prankster,1
new orleans saints,1
new wave,1
pawnshop,1
para,1
pattern,1
prejudice,1
patriot,1
new years eve,1
prehistoric man,1
yrf spy universe,1
nfl national football league,1
patrol officer,1
new york,1
precision,1
pregnant,1
passed over for promotion,1
wrestling match,1
paranoiac,1
naturalist,1
wicked woman,1
parkinson,1
parkinsons disease,1
parkour,1
worlds tallest building,1
wife,1
worry,1
zodiac killer,1
prosecution,1
naval,1
world cup,1
prom king,1
workplace culture,1
zero to hero,1
wrestling,1
naval aviation,1
wife cheating on husband,1
parrot,1
naval battle,1
professional hit,1
professional basketball player,1
part live action,1
naval battleship,1
world champion,1
procedural,1
nato forces,1
native american reservation,1
native american,1
national transportation safety board,1
nacional,1
psychiatry,1
white snake,1
name change,1
paratroops,1
psychiatric ward,1
nanga parbat,1
paranormal phenomena,1
parents,1
nanotechnology,1
psycho,1
world record,1
nantucket,1
world of warcraft,1
paris suburb,1
naples,1
park,1
zombie animals,1
narcissistic personality disorder,1
narco,1
protector,1
narcotics,1
narcotics cop,1
world hunger,1
paranoid,1
probation violation,1
naval warfare,1
new german cinema,1
neurosurgeon,1
zealous,1
nepal,1
nerd,1
power of positive thinking,1
prison warden,1
prison visit,1
nervous,1
netherlands,1
prison guard,1
neural science,1
passing for white,1
wild swimming,1
principal,1
navy lieutenant,1
new boss,1
new car,1
passion and romance,1
new delhi india,1
prime suspect,1
primal fear,1
prima ballerina,1
priest,1
pretending to be wife,1
past history,1
workplace,1
new french extremism,1
paralysis,1
party girl,1
wrestling coach,1
wild life,1
pro life,1
partner,1
nazi occultism,1
nazi officer,1
prizefight,1
ncaa,1
neanderthal,1
paranoi,1
near miss,1
privilege,1
nebraska,1
necrophilia,1
negative,1
wife murder,1
negligent parent,1
negotiation,1
private life,1
wild animal,1
private lessons,1
negotiator,1
party,1
parano,1
neonazis,1
party drugs,1
prisoner abuse,1
young love,1
one piece,1
pearl,1
wonder,1
oceanic expedition,1
octopus,1
odd,1
police department,1
orcs,1
woman disguised as man,1
orchestra,1
odyssey,1
off the grid,1
woodcutter,1
orange county,1
oppression,1
offbeat,1
old building,1
officer involved shooting,1
phrogging,1
yeti,1
ohio,1
oil industry,1
woman in a mans world,1
woman in peril,1
oil platform,1
opposites,1
oklahoma,1
police arrest,1
phuket,1
young abducted girl,1
photo,1
police drama,1
police funeral,1
nypd,1
obscene telephone call,1
osaka,1
pewex,1
young dead girl,1
policeman,1
police task force,1
obsessive compulsive disorder ocd,1
police search,1
orphanage,1
pharmaceutical lab,1
written by star,1
pharoah,1
obstacles,1
police officer killed,1
wolf pack,1
police investigation,1
wooden dummy,1
police interrogation,1
original musical,1
police inspector,1
police informant,1
police helicopter,1
police headquarter,1
orgy,1
police academy,1
opportunity,1
policial,1
olympics,1
womens sports,1
pilot school,1
pineal gland,1
wwe ppv,1
womens magazine,1
olympian sports team,1
planted evidence,1
olympic games,1
planning,1
wwe,1
olympic sport,1
onimsuha,1
on the road,1
opium,1
one against many,1
plane travel,1
womens rights,1
pink film,1
pixie,1
one woman show,1
one last job,1
pitbull,1
pinocchio,1
wu shu,1
piranha,1
wrongly accused,1
online gambling,1
platonic love,1
only child,1
piano,1
physical abuse,1
pole dancer,1
polaroid,1
operation,1
polar zone,1
old friends,1
opera,1
ontario,1
physical disability,1
physical evidence,1
poison,1
poem,1
old photograph,1
pocket monsters,1
onlyfans,1
plymouth,1
women,1
women empowerment,1
old west legend,1
plutonium,1
women fighting,1
plumber,1
old west town,1
womens football soccer,1
older brother younger sister,1
policewoman,1
polish history,1
night school,1
word domination,1
post 911,1
owl,1
witness elimination,1
performance,1
perfume,1
nordic mythology,1
portugal,1
north atlantic treaty organization nato,1
portrait of an artist,1
north carolina,1
work,1
peril,1
portrait,1
northern norway,1
north dakota,1
overweight,1
perjury,1
overprotective father,1
north korean,1
pornographic video,1
overpopulation,1
permission to marry,1
porn star,1
north pole,1
porn production,1
northeast india,1
nordic folklore,1
ozarks,1
noncanon,1
nomad,1
power of love,1
wishes come true,1
night shift,1
witch hunt,1
painting,1
painful truth,1
painful memories,1
pedophilia,1
nightclub owner,1
nigria,1
worker,1
postman,1
nile,1
ninja,1
nitroglycerin,1
postapocalyptic,1
pacific ocean,1
post war japan,1
no mans land,1
noah,1
noahs ark,1
nobility,1
post civil war,1
pablo escobar,1
noble sacrifice,1
northern ireland,1
overcoming fears,1
writers block,1
pet ownership,1
politician,1
political transformation,1
wizardry,1
political thriller,1
nuclear launch codes,1
pessimistic,1
political satire,1
political repression,1
out of control,1
nuclear threat,1
political party,1
pet owner,1
ottoman empire,1
porn actress,1
nun,1
political crisis,1
other worldly,1
nunhood,1
peter rabbit,1
political aspiration,1
political,1
nurse,1
nurses,1
petty criminal,1
other woman,1
nursing home,1
nuclear holocaust,1
polo match,1
outbreak,1
nuclear family,1
porn actor,1
popular girl,1
pope,1
perseverance,1
overboard,1
person on fire,1
outsider,1
personal,1
norwegian folklore,1
pop singer,1
outnumbered,1
witty,1
outlaw gang,1
nose,1
young girl daughter,1
personal growth,1
pool table,1
pool,1
personal security,1
novice,1
young girl,1
nuclear explosion,1
pervert,1
ponzi scheme,1
wizarding world,1
psychic power,1
safe house,1
psychological,1
steel helmet,1
starlet,1
state crimes,1
state of emergency,1
statesman,1
statue of liberty,1
unfaithful wife,1
stayathome dad,1
stayathome mom,1
stealth marketing,1
steampunk,1
steerage,1
uncle niece relationship,1
stephen king,1
stepmother,1
stepmother stepson relationship,1
stereotype,1
steroids,1
sting operation,1
unexpected romance,1
stock swindle,1
stockholder,1
stocks and bonds,1
stardom,1
star showcase,1
star crossed lovers,1
unfinished,1
spring break,1
united states of america usa,1
spy action,1
spy hero,1
united nations,1
united kingdom,1
squatter,1
st patricks day,1
st petersburg,1
union of myanmar burma,1
stabbed,1
stadium,1
stag night,1
stage musical,1
stage show,1
stake out,1
stakeout,1
stalked by a killer,1
unhappiness,1
unfortunate,1
unfinished business,1
unexpected pregnancy,1
stolen dog,1
stolen money,1
success,1
underdog,1
summer romance,1
summer school,1
sumo,1
sun,1
sunken ship,1
super strength,1
superhuman,1
superhuman abilities,1
superhuman strength,1
supermarket,1
underbelly,1
supernatural comedy,1
supernatural phenomena,1
supernatural thriller,1
superpower,1
superstorm,1
support group,1
undead,1
uncover truth,1
surreal world,1
suicidal,1
suburbian idyll,1
stone age,1
suburbia,1
unemployment,1
story,1
underwear,1
stranded,1
strange,1
street children,1
undertaker,1
street life,1
street riots,1
street shootout,1
street smarts,1
strike,1
strip tease,1
stripper,1
stripping,1
strong language,1
student activism,1
student debt,1
underground facility,1
student mentor relationship,1
stuffed animal,1
spousal abuse,1
universe,1
spotter,1
social comedy,1
social inequality,1
social satire,1
social unrest,1
socialite party,1
sock,1
sock puppet,1
valley,1
solar eclipse,1
valiant comics,1
somber,1
son,1
son of the boss,1
song recording,1
song writing,1
valet,1
sorority sister,1
soulcatcher,1
soulmates,1
sound,1
south africa,1
south america,1
social differences,1
social behavior,1
south asian family,1
social,1
sleeping around,1
sleepwalking,1
variety special,1
sliding puzzle,1
slow burn romance,1
slum,1
small business,1
vanished,1
small town life,1
small town minnesota,1
small town sheriff,1
small village,1
small western town,1
smile,1
smuggling contraband,1
snail,1
snowboarding,1
snowed in,1
snowstorm,1
snuff,1
snuff film,1
vacation home,1
south carolina,1
sportsman,1
sperm bank,1
spice,1
unstoppable,1
spider web,1
unsolved mystery,1
spiritedness,1
unsolved murders,1
unsolved crime,1
unreliable narrator,1
spirituality,1
unnerving,1
spoiled child,1
sponsorship,1
unmarried couple,1
sport,1
unless,1
sports comedy,1
sports gambling,1
sports icon,1
university,1
sports personality,1
sports scandal,1
unwanted pregnancy,1
speech writer,1
vacation gone wrong,1
urban gothic,1
southern culture,1
soviet union,1
uss missouri,1
us secret service agent,1
us navy seal,1
space exploration,1
space photography,1
space shuttle,1
space station,1
space telescope,1
space western,1
space x,1
spaghetti western,1
spanish,1
spanish civil war 193639,1
us ambassador,1
spanish transition,1
uruguay,1
urban legend,1
special skills,1
special unit,1
surrogate mother,1
surveillance specialist,1
psychological detective,1
tokyo,1
troubled childhood,1
tijuana,1
time bomb,1
trouble at school,1
time portal,1
tropical resort,1
timemanipulation,1
titan,1
triumph,1
tokusatsu,1
triple role,1
survival at sea,1
trip,1
tornado,1
toronto,1
torrential rain,1
torture chamber,1
torturing police,1
tour bus,1
tour guide,1
tourism,1
tourist,1
troubled marriage,1
troubled teen,1
truck,1
tide,1
texan,1
turbulent flight,1
tucson,1
text messaging,1
thalassophobia,1
the simpsons,1
theater play,1
theft,1
theme park,1
therapy,1
trust,1
thoughtful,1
threat,1
true love,1
threat of death,1
threatened woman,1
threesome,1
truck driver,1
throuple,1
thunderstorm,1
tidal wave,1
tower block,1
tower of london,1
town,1
tribunal,1
transhumanism,1
transplanted organ,1
transport plane,1
transylvania,1
trap,1
trapped in a game,1
trapped in burning building,1
traumatic childhood,1
traumatic past,1
traumatized person,1
travel agent,1
travel documentary,1
tribal people,1
triathlon,1
treacher collins syndrome,1
trial,1
treasure heist,1
trenches,1
treasure map,1
tree cutting,1
treasury department,1
transgender,1
transatlantic,1
town history,1
trick or treating,1
toxic masculinity,1
trident,1
toxic relationship,1
toxication,1
toy comes to life,1
tradition,1
traditional dance,1
traditional dancer,1
traditional values,1
tricks,1
trickery,1
tragic hero,1
tragic love,1
tragic villain,1
trailblazer,1
trailer,1
train accident,1
train crash,1
trainer,1
tricked,1
training camp,1
testimony,1
terrorized,1
terrorist threat,1
sword duel,1
symbol,1
symbolism,1
sympathy,1
synthetic food,1
syringe,1
systemic corruption,1
taboo,1
takarazuka,1
takarazuka revue,1
taking a shower,1
taking responsibility,1
taking resposibility,1
talent competition,1
tales of arcadia,1
talisman,1
tyranny,1
talk show host,1
tyrannical boss,1
typhoon,1
talking dog,1
talking to animals,1
swords,1
switzerland,1
tank battle,1
switched at birth,1
ultraman,1
survive,1
survivor guilt,1
suspended cop,1
ultimatum,1
ulterior motive dating,1
suspense thriller,1
ugliness,1
suspicion of murder,1
suspicious,1
swarms,1
swastika,1
swat,1
ufo sighting,1
swedish family,1
swim meet,1
swimming,1
swindle,1
swing,1
swinger club,1
swiss,1
tycoon,1
tanks,1
terrorist plot,1
teenage friendship,1
teenage killer,1
teenage life,1
teenage pregnancy,1
tv production,1
teenage prostitute,1
teenage rebellion,1
tv pilot,1
teenage son,1
teens,1
telescope,1
temperature drop,1
ten commandments,1
tenement,1
tennis,1
tv personality,1
terminal illness,1
terracotta army,1
tv commercial,1
terrier,1
turned 40,1
turkey,1
teenage heroine,1
twenty something,1
tarzan,1
teenage angst,1
taser,1
tatry,1
two man army,1
tattoo,1
taunting,1
taxi,1
taxi ride,1
twisted memories,1
twisted,1
team building,1
team sports,1
tech company,1
twins separated at birth,1
technicians,1
techno music,1
techno thriller,1
teddy bear,1
teen scream,1
teen slasher,1
teen social issues,1
twin,1
sled dogs,1
slavery,1
slave trade,1
wealthy,1
revenge slasher,1
rhythm and blues rb,1
rich,1
rich family,1
rich man,1
wealthy man,1
rich married couple,1
rich snob,1
rich vs poor,1
rich woman poor man,1
wealth inequality,1
slave labor,1
ride along,1
riding a bicycle,1
right to education,1
right wing extremism,1
riot,1
rise and fall,1
wealth differences,1
road rage,1
road thriller,1
waterfront,1
revenge plot,1
revenge motive,1
revenge horror,1
weapons trafficking,1
well,1
repressed sexuality,1
repressed trauma,1
weekend getaway,1
wedding dress,1
research,1
research laboratory,1
researcher,1
resistance,1
resistance fighter,1
restart,1
resurrection,1
retelling,1
web,1
retired lawman,1
retiree,1
retribution,1
return of son,1
returning hero,1
weapons training,1
reunite,1
waterfall,1
roast,1
robber,1
roof,1
rookie cop,1
warfield,1
roulette wheel,1
warden,1
royalty,1
rubble,1
rubin,1
rugby,1
ruins,1
rules,1
run,1
runaway couple,1
runaway teen,1
rural india,1
warcraft,1
rural life,1
war widow,1
russian spy,1
rwandan genocide,1
saade saati,1
sad,1
rookie,1
ronin,1
robbery operation,1
warning,1
robin hood,1
water shortage,1
robot apocalypse,1
robot cop,1
robot fighting,1
rock band,1
rock climbing,1
rock n roll,1
rock star,1
rockandroll,1
rodent,1
rogue cop,1
rogue spy,1
role playing game,1
role reversal,1
water monster,1
rom com,1
romance scam,1
romania,1
romantic cinema,1
romantic dramedy,1
remote control,1
remorse,1
religious satire,1
quarterback,1
wheelchair,1
questioning,1
quick draw,1
quickie,1
quirky,1
rabbit,1
whaling ship,1
race politics,1
raceconscious,1
racer,1
racial injustice,1
whaling,1
racing,1
racing driver,1
racist,1
racist stereotype,1
racoon,1
radical honesty,1
radical transformation,1
radio,1
radio host,1
queen anne,1
quarantine,1
radio telescope engineering,1
quadriplegic,1
psychological profiling,1
whiskey,1
whirlwind romance,1
whip,1
psychosis,1
psychotherapy,1
public breakup,1
public disgrace,1
public figure,1
public murder,1
puerto rico,1
puppet,1
purgatory,1
purge,1
puzzle,1
wheelchair user,1
puzzle box,1
puzzlement,1
pygmalion,1
pyramide,1
qin dynasty,1
radio station,1
radio transmission,1
religious history,1
west papua,1
receiving of stolen goods,1
reckless driving,1
recluse,1
reclusive,1
recreational drug use,1
recruit,1
recruiting,1
recurring dream,1
red sea,1
reddit,1
reforestation,1
rehabilitation,1
west germany,1
west bengal,1
reindeer,1
rejection,1
relapse,1
wellbeing,1
relationship sabotage,1
religious film,1
religious fundamentalism,1
rebellious youth,1
rebel,1
radioactivity,1
realism,1
rainstorm,1
ramayana,1
ramses,1
ranch,1
rape accusation,1
rape and murder,1
whale oil,1
rape and revenge,1
rape victim,1
raptor,1
rat,1
raw agent,1
raw food,1
whale,1
raw footage,1
reading a book,1
real estate agent,1
west point,1
real life,1
real story,1
real time,1
war photographer,1
war orphan,1
sadistic,1
sex offender,1
sex scene,1
sex tape,1
sex toy,1
sex video,1
sexism,1
sexploitation,1
sexual exploitation,1
villain arrested,1
village council,1
sexual harassment,1
sexual tension,1
sexuality,1
villa,1
sexy woman,1
shakespeare in modern dress,1
shamanism,1
shaolin,1
shape shifter,1
shapeshifting,1
sharemarket fraud,1
shark attack,1
sex offenders,1
sex education,1
shaving points,1
sex crime,1
selfdefense,1
selffulfilling prophecy,1
virtual reality,1
selfharm,1
senator,1
sense of guilt,1
sentai,1
violinist,1
sentence,1
violent death,1
violent,1
separated family,1
serial dating,1
violation,1
vintage fashion,1
series of murders,1
sertanejo music,1
service animal,1
seventies,1
seville,1
villains,1
sharks,1
sheep ranch,1
vixen,1
sicily,1
sick father,1
sickness,1
silat,1
simulated sex,1
sin,1
vengeful spirit,1
singing animals,1
velociraptor,1
sinister,1
sinking ship,1
vegetarian,1
vegas wedding,1
vault,1
vatican,1
sisters relationship,1
skeleton,1
skepticism,1
skills challenge,1
skinning,1
vasaloppet,1
slave,1
sick child,1
sibling rivalry,1
shenyang,1
siberia,1
vietnamese new year,1
sheriffs daughter,1
ships,1
shipwreck survivors,1
shipwrecked,1
shogun,1
shooter,1
shooting,1
shooting an animal,1
shopgirl,1
shopping,1
shopping spree,1
victims,1
short compilation,1
vexed,1
verona italy,1
showbiz,1
ventriloquists dummy,1
showdown,1
venom,1
shrimp,1
selfabsorbed,1
self image,1
sadistic psychopath,1
santa hat,1
sapphic,1
sarcasm,1
satanic cult,1
satanic ritual,1
wanted,1
save the day,1
save the world,1
saxophone,1
scaling a building,1
scammer,1
scar,1
scary,1
scary stories,1
scathing,1
scenic,1
scheme,1
scholarship,1
wall,1
school bullying,1
school club,1
school friend,1
santas elves,1
war correspondent,1
school massacre,1
sanitorium,1
sailboat,1
sailing,1
war on terror,1
sailing trip,1
sailors,1
saint,1
saint louis,1
salaar,1
sale,1
salzburg,1
samoa,1
war of the spanish succession,1
san diego,1
sanctuary,1
sand,1
sand dune,1
war hero,1
war dog,1
sandwich generation,1
sanfermines,1
war documentary,1
school loner,1
school party,1
seductress,1
secluded cabin,1
second chance,1
second sinojapanese war 193745,1
secondhand market,1
secret experiment,1
secret formula,1
secret government agency,1
secret government organization,1
secret history,1
secret intelligence service,1
secret investigation,1
secret laboratory,1
secret life,1
secret room,1
secret service,1
volcanic island,1
secretary,1
volcanic eruption,1
securities,1
security system,1
voetbal,1
seducer,1
seclusion,1
secluded beach,1
school project,1
voodoo,1
school shooting,1
schoolmarm,1
schoolteacher,1
wales,1
science fact,1
science fantasy,1
vulgarity,1
science fiction,1
science goes awry,1
scientific study,1
vulgar,1
screenlife,1
voyage,1
screensaver,1
screwball comedy,1
scrooge,1
scuba,1
vortex,1
sea monster,1
search,1
search and rescue,1
mythological beast,1
key,1
mystical character,1
family of color,1
criminal empire,1
criminal investigation,1
criminal past,1
criminal record,1
criminal trial,1
critically bashed,1
criticism and blame,1
croatia,1
crocodile,1
crook couple,1
crooked banker,1
crooked cop,1
cross breed,1
cross dressing,1
crosscountry skiing,1
crowdwork,1
cruel,1
crush,1
cryptozoology,1
cube,1
culinary arts,1
cultura japonesa,1
cultural icon,1
culture clash,1
cunnilingus,1
cursed,1
cursed town,1
crime spree,1
crime serial,1
crime lord,1
coverup,1
cosmetic surgery,1
countdown,1
counterfeit,1
country house,1
country music,1
countryside,1
couples therapy,1
courage,1
courier,1
courtship,1
covered investigation,1
covert operation,1
crawlspace,1
crime epic,1
crayon,1
crazy ex,1
crazy woman,1
creative director,1
creature comedy,1
creatures,1
credit,1
credit card fraud,1
credits cookie,1
creepy,1
crime against humanity,1
crime doctor,1
cusco,1
custody hearing,1
cute,1
death of grandmother,1
deadly,1
deadly game,1
deadly snake,1
deadpan,1
deafmute,1
deal,1
death cult,1
death of a brother,1
death of daughter,1
death of family,1
death of fianc,1
death of friend,1
death of husband,1
dead daughter,1
death of sister,1
death of son,1
death of teacher,1
death penalty,1
death row inmate,1
death threat,1
death threats,1
decadence,1
deceit,1
decoy,1
deep blue,1
deep sea,1
dead fish,1
dead body,1
cyanide,1
danger,1
cyber criminal,1
cyber thriller,1
cybercrime,1
cynicism,1
czech republic,1
da nang,1
dahmer,1
damsel in distress,1
dance ritual,1
dancer,1
dancers,1
dancing girls,1
dangerous mission,1
dead,1
dangerous projects,1
dark fairy tale,1
dark fantasy,1
dark fiction,1
darknet,1
date,1
dating app,1
daughterinlaw,1
daughters wedding,1
dave attell,1
daveattell,1
daytime talk show,1
corrupt cop,1
corrupt agent,1
corrupt,1
clandestine,1
chupacabra,1
cigarette,1
cigarette girl,1
cincinnati,1
cinderella story,1
cine quinqui,1
cinematographer,1
city portrait,1
city ruin,1
civil war,1
clairvoyant,1
clamp,1
clans,1
chronicles,1
class conflict,1
classmates,1
classroom,1
claustrophobic,1
cleaning lady,1
cliffhanger,1
climate science,1
climatologist,1
climbing,1
clinical,1
clique,1
closing the salesdeal,1
chun doohwan,1
christmas romance,1
cloud,1
childhood friends,1
chief of police,1
chieftain,1
child cancer,1
child care,1
child custody,1
child hero,1
child in peril,1
child murder,1
child of divorce,1
child protagonist,1
child sexual abuse,1
childhood crush,1
childhood memory,1
christmas horror,1
childhood sexual abuse,1
childhood sweetheart,1
childish love interest,1
children gang,1
children in wartime,1
childrens author,1
childrens home,1
chile,1
chimp,1
chimpanzee,1
cho oyu,1
choreography,1
clothes factory,1
coastal town,1
corporate world,1
convent nunnery,1
conquest,1
conquistador,1
conscience,1
conservative,1
conspiracy theory,1
consulate,1
contentious relationship,1
contract relationship,1
contractor,1
controlling,1
controlling husband,1
controversial artist,1
convertible,1
confusion,1
convicted,1
convicted murderer,1
cooperation,1
cop universe,1
cops,1
cops and robbers,1
coral reef,1
corporate,1
corporate conspiracy,1
corporate greed,1
corporate lawyer,1
corporate retreat,1
conman,1
confrontation,1
code,1
communication,1
cold,1
cold case,1
college american football,1
college graduation,1
college life,1
college professor,1
college sports,1
collie dog,1
combat drone,1
comic book,1
comic book shop,1
coming out of habits,1
communications expert,1
confidence,1
complex relationship,1
compulsive gambling,1
computer animation,1
computer expert,1
computer virus,1
conan,1
conceited,1
concert footage,1
conciliation,1
coney island,1
conference,1
confess feelings,1
deep south,1
deepsea,1
defense,1
eternal life,1
enviromental,1
environmental change,1
environmental documentary,1
epidemic,1
erased memory,1
erotic,1
escape artist,1
escape room,1
escaped animal,1
escaped killer,1
escaped prisoner,1
escaping abuse,1
eternal youth,1
entrapment,1
ethiopia,1
ethnic conflict,1
european theatre,1
evangelical christianity,1
evil doctor,1
evil force,1
evil king,1
evil mastermind,1
evil nun,1
evil plot,1
evil robot,1
evil sorcerer,1
entrepreneur,1
entomologist,1
evil tyrant,1
emperor,1
electronic voice phenomena,1
elena,1
elite forces,1
elite sniper,1
elon musk,1
embalming,1
emergency,1
emergency doctor,1
emergency services,1
emoji,1
emotional,1
emotionally disturbed,1
empire,1
entity,1
empowerment,1
encounter group,1
end,1
endurance,1
energy drink,1
engaged couple,1
engagement,1
engagement party,1
engine,1
engineering,1
enraged,1
ensemble cast,1
evil spirits,1
evolving,1
electric chair,1
falcon,1
factual,1
fading memories,1
failed brakes,1
fairy godmother,1
fairy tale characters,1
fairytale,1
fake dating,1
fake death,1
fake fianc,1
fake id,1
fake news,1
fake suicide,1
false passport,1
f word,1
falsely accused,1
fame,1
fameseeking,1
family caregiving,1
family clan,1
family conflicts,1
family dog,1
family establishment,1
family holiday,1
family home,1
family in peril,1
family life,1
face operation,1
exzentrik,1
ex husband,1
expensive restaurant,1
ex prostitute,1
ex soldier,1
exam,1
excalibur,1
excavation,1
exclusion,1
excursion,1
exercise,1
existentialism,1
exlover,1
exoskeleton,1
expedition,1
expert,1
extreme weather,1
exploding body,1
exploding house,1
exploitation,1
exploitation of friendship,1
exploration,1
explore,1
explorer,1
explotation,1
externally controlled action,1
extinct animals,1
extinction,1
extraterrestrial,1
electronic music,1
elections,1
defense lawyer,1
disturbia,1
dirty joke,1
disavowed,1
discrimination,1
disfigured face,1
disfigurement,1
dismembering a dead body,1
dismemberment,1
disorder,1
dissociative identity disorder,1
distrust of police,1
distur,1
disturb,1
disturbing,1
diner,1
diver,1
diving suit,1
divorced woman,1
dna,1
dna testing,1
dog fighting,1
dog man friendship,1
dogs,1
doll factory,1
dollar,1
dominance,1
dominatrix,1
dinner,1
dilemma,1
donghua,1
desolate wilderness,1
deja vu,1
delayed flight,1
delivery boy,1
demigod,1
demon hunter,1
depressed mom,1
depression,1
derisive,1
desire,1
desire for fame,1
desire to have children,1
desk work,1
detached,1
digestive system,1
detective comedy,1
detective couple,1
detective story,1
detroit pistons,1
dhaka dacca,1
diamond,1
diamond heist,1
diamonds,1
diary,1
dictator,1
didactic,1
difficult childhood,1
donation,1
donkey,1
election,1
edgar allan poe,1
duty,1
dwarves,1
dying father,1
dynasty,1
dysfunctional marriage,1
dyslexia,1
earn to live,1
earnest,1
eaten by animal,1
echoes,1
economic crisis,1
economics,1
edgeofyourseat,1
dunk,1
editorinchief,1
edo period,1
eel,1
eerie,1
egg,1
egocentrism,1
egyptian,1
egyptian history,1
egyptian mythology,1
egyptian tomb,1
elaborate ruse,1
elderly man,1
durian,1
duck,1
donut,1
driving a car,1
donut shop,1
door,1
doping,1
dorm room,1
doubtful,1
doubts,1
downfall,1
doxxing,1
drag queen,1
draining souls,1
drawing,1
dreaming of a girl,1
drop disease,1
duchess,1
drowning,1
drug gang,1
drug money,1
drug stealing,1
drug syndicate,1
drug testing,1
drugged,1
drugged drink,1
drum,1
drum kit,1
drunk,1
dubai,1
chernobyl,1
chelsea,1
cheerleader,1
arrested development,1
argument,1
aristocracy,1
ark of the covenant,1
armada,1
armed robbery,1
armored car robbery,1
armored truck,1
army,1
army colonel,1
army general,1
arranged marriage,1
arrest,1
arrow,1
arena,1
arson,1
art heist,1
art installation,1
art restoration,1
art theft,1
artifact,1
artificial insemination,1
aspergers syndrome,1
aspiring actress,1
aspiring singer,1
assassination attempt,1
assassination plan,1
arguing couple,1
arctic polar circle region,1
assault,1
antiracism,1
animal life,1
animal protection,1
animal psychology,1
animal research,1
animated horror,1
animated remake,1
anne frank,1
anniversary,1
another dimension,1
anti abortion,1
anti villain,1
antihero,1
apartment,1
arctic exploration,1
apartment complex,1
apathetic,1
apnoediving,1
appalachian,1
appalachian mountains,1
apple,1
arc de triomphe,1
archaeological expedition,1
archbishop,1
archer,1
archetypes,1
architecture,1
assassination team,1
atheist,1
animal control,1
bank job,1
bag of money,1
baking,1
ballerina,1
ballet company,1
ballet dancer,1
balloon,1
band,1
bandit,1
bangkok,1
bangladesh,1
banjo,1
bank employee,1
bank teller,1
bad smell,1
banker,1
banking,1
bar,1
bar mitzvah,1
barcelona,1
barrier ice,1
baseball,1
baseball player,1
based on board game,1
based on card game,1
based on fairy tale,1
based on real events,1
badlands,1
bad parenting,1
atlantic ocean,1
autistic,1
atomic bomb,1
attack,1
attorney client privilege,1
attraction,1
audi,1
audio cassette,1
aura,1
australia,1
austria,1
authoritarian,1
authoritarian education,1
authoritarianism,1
autopsy,1
bad boss,1
autotuning,1
avalanche,1
aviatrix,1
awful leader,1
baby brother,1
babysitting,1
baccarat,1
bachelor party,1
back from the dead,1
backpacker,1
backwoods,1
bacteria,1
animal death,1
anger management,1
basement,1
adult son,1
accidental marriage,1
accused of murder,1
acrobats,1
action packed,1
action thriller,1
activist,1
addiction,1
addiction recovery,1
adoptive father,1
adoptive mother,1
adult child friendship,1
adult filmmaking,1
adversary,1
acapella,1
advertising,1
advertising agency,1
advice columnist,1
affair,1
affection,1
afghanistan war 20012021,1
african,1
african american history,1
african dictator,1
african music,1
aftermath,1
age difference,1
accident,1
academy,1
aggression,1
911 call,1
10,1
13th century,1
14th century,1
16th century,1
1830s,1
1850s,1
1860s,1
2008,1
2070s,1
22nd century,1
3,1
4th of july,1
a arte de amar,1
abusive relationship,1
a teia,1
abandoned child,1
abandoned mine,1
abortion,1
abortion clinic,1
abuse of power,1
abused child,1
abuser,1
abusive alcoholic,1
abusive boyfriend,1
abusive family,1
abusive marriage,1
age of discovery,1
aging hero,1
anger,1
american frontier,1
amateur film,1
amateur footage,1
amateur sleuth,1
amazon river,1
amazon tribe,1
ambition,1
ambulance,1
america,1
american,1
american businesswoman,1
american dream,1
american football coach,1
american midwest,1
alternate history,1
american way of life,1
american west,1
american wilderness,1
amsterdam,1
amusement park,1
analyst,1
anarchic comedy,1
anarchist,1
ancestor,1
anchorage,1
ancient artifact,1
ancient world,1
alternate version,1
alternate future,1
aging superhero,1
alarm clock,1
ailuranthropy,1
ainu,1
air,1
airbnb,1
aircraft,1
aircraft carrier,1
airplane accident,1
airplane flight,1
airplane trip,1
airport heist,1
airport lounge,1
al qaeda,1
alarm dispatch,1
alternate dimension,1
albert einstein,1
alberta canada,1
alcatraz prison,1
alien abduction,1
alien attack,1
alien infection,1
alien monster,1
alien race,1
allegorical,1
alligator,1
altar,1
alter ego,1
based on viral tiktok,1
bathroom,1
cheating husband,1
camera,1
business partners,1
business tycoon,1
businessman,1
butterfly effect,1
cabbie,1
cabin,1
cabin crew,1
cabin in the woods,1
cadaver,1
cajun,1
calamity,1
call girl,1
camping trip,1
business owner,1
campy,1
canadian,1
cancel culture,1
canceled wedding,1
candlelight vigil,1
candy,1
cannibalism,1
cannon,1
canton,1
cape town,1
caper,1
capsized ship,1
business partner,1
business deal,1
car,1
bull,1
british royal family,1
british soldier,1
britishindian,1
broken family,1
brother sister,1
brotherhood,1
brotherinlaw,1
bubble bath,1
buddha,1
buddhism,1
buddies,1
bukatsu,1
bullet hole,1
business,1
bullet wound,1
bulletproof car,1
bullied,1
bunny,1
buoy,1
burglar,1
buried,1
buried memories,1
burj khalifa,1
burlesque dancer,1
bus accident,1
bus driver,1
captain,1
car driver,1
british gangster,1
cgilive action hybrid,1
celebrity cameo,1
celebrity interview,1
celebrity worship,1
celibacy,1
cell,1
cellar,1
cells,1
cellular phone trace,1
cementery,1
cemetery,1
ceo,1
cerebral,1
chain of command,1
caught,1
challenge,1
chambara,1
chameleon,1
chance encounter,1
change vs tradition,1
changing history,1
channel islands,1
chaos,1
charlatan,1
charming,1
chat show,1
chauffeur,1
cave diving,1
cattle,1
car fire,1
carpenter,1
car mechanic,1
car racing,1
car radio,1
car thief,1
carandiru massacre,1
carbon neutrality,1
carbon offset,1
carbon trading,1
career vs love,1
carnage,1
carnegie hall,1
carnival,1
carrousel,1
cats,1
cartoon elephant,1
cartoon turtle,1
casablanca,1
case file,1
casino heist,1
casino owner,1
cat burglar,1
cat lover,1
cataclysmic storm,1
catacombs,1
catfish,1
catholicism,1
british oppression,1
british asian,1
battalion,1
biological weapon,1
biblical,1
bickering,1
bicycle cop,1
bicycle courier,1
big ben,1
big dreams,1
big family,1
biggering,1
biker,1
bikies,1
biographical drama,1
biohazard,1
bird hatching,1
bewildered,1
birth,1
birthday party,1
bitter,1
black bear,1
black cat,1
black cop,1
black friday,1
black humor,1
black love,1
black monday,1
black power,1
blackmail victim,1
bias,1
better life,1
blast,1
bedtime story,1
battle assignment,1
battle of the sexes,1
battle royale,1
battlefield,1
battleship,1
bayou,1
bbc,1
bears,1
beast,1
beautiful woman,1
beauty,1
bedridden,1
beef,1
bet,1
beer,1
beer pong,1
bees,1
beguilement,1
behavioral biology,1
behind enemy lines,1
behind the wall,1
belgium,1
benito mussolini,1
bento,1
bergamo,1
best friends wedding,1
blade runner,1
blended family,1
briefcase,1
boyfriend,1
botox,1
box,1
boxer,1
boxing champion,1
boxing match,1
boxing ring,1
boxing trainer,1
boy,1
boy band,1
boy genius,1
boy girl relationship,1
boy scouts,1
boyfriend girlfriend relationship,1
bosque,1
boys club,1
bozeman montana,1
brain capacity,1
brain surgery,1
brain tumor,1
branded gang,1
brazilian cinema,1
breach,1
break in,1
breathing,1
bride,1
bridge,1
boss,1
border,1
blind,1
boat chase,1
blind date,1
blind man,1
blindfold,1
blindness,1
blonde,1
bloodshed,1
bloodsucker,1
blue,1
blues,1
board game,1
board games,1
boarding house,1
boat salesman,1
books,1
boats,1
boca raton,1
body enhancement,1
body mutilation,1
bodycam footage,1
bogot,1
bogota,1
bomb attack,1
bomb planting,1
bomb remote detonator,1
booby trap,1
book of the dead,1
family obligations,1
family reunion,1
mystery killings,1
family surviving alone,1
lawlessness,1
le mans,1
learning disability,1
leather jacket,1
leatherface,1
leaving ones family,1
lebanese,1
lebanon,1
lecture,1
left for dead,1
legacy,1
legal battle,1
legal immigrant,1
legend,1
lego,1
lesbian sex,1
letter,1
letters,1
lgbt parenting,1
lgbt teen,1
liar,1
liberation of prisoners,1
libya,1
lies to cover lies,1
life and career,1
life changing,1
life extension,1
law student,1
law school,1
law firm,1
landlady tenant relationship,1
koala,1
korean,1
korean war 195053,1
korean war veteran,1
kpop,1
kremlin,1
kyodai hero,1
kyoto,1
labor,1
ladykiller,1
laid off,1
lake,1
landlord,1
law enforcement,1
landscape architect,1
langley virginia,1
langue franaise,1
lantern,1
laptop,1
lasagne,1
lassie,1
late stage capitalism,1
latin comedy,1
latino,1
lavender,1
lavender marriage,1
life insurance,1
lifeboat,1
lifeguard,1
lover,1
loss of sister,1
loss of wife,1
lost civilization,1
lost communication,1
lost media,1
lost mother,1
lottery,1
love at first sight,1
love child,1
love of animals,1
love of ones life,1
love spell,1
loyalty,1
loss of mother,1
lsd,1
lucha libre,1
lunatic,1
lust,1
luxury hotel,1
luxury liner,1
lycanthrope,1
lying,1
machine gun,1
machinegun,1
macho,1
mad family,1
loss of parents,1
loss of libido,1
lifes dream,1
living with parents,1
lifesaver,1
lifting person in air,1
lighter,1
lighthouse keeper,1
literature,1
lithuania,1
little boy,1
little girl,1
little league,1
live broadcast,1
lives,1
living alone,1
lobby,1
loss of a friend,1
lobotomy,1
lockdown,1
locked in bathroom,1
logbook,1
lone wolf,1
long distance relationship,1
long term relationship,1
longtime friends,1
looop lapeta,1
looting,1
lordship,1
los angeles riots,1
knights templar,1
knife fight,1
knife,1
investor,1
interracial family,1
interracial romance,1
intervention,1
interviews,1
intimacy,1
intimate,1
intruder,1
invention,1
investigate,1
investigative journalism,1
investigative journalist,1
investing,1
invisible man,1
internship,1
iphone,1
ira irish republican army,1
iran,1
irish mob,1
irishman,1
iron curtain,1
ironic,1
irony,1
islamic terrorism,1
isle of jersey,1
isolated farmhouse,1
israel,1
interracial adoption,1
internet personality,1
italian opera,1
inspired by true story,1
inferiority complex,1
infertility,1
inheritance fight,1
injury,1
inlaws,1
inner city,1
innocence,1
insecurity,1
insomnia,1
insomniac,1
inspector,1
inspired by novel or book,1
instagram,1
internet culture,1
instant attraction,1
institution,1
instructive,1
insulin,1
insurance scam,1
intellectually gifted,1
intelligence agency,1
intelligence agent,1
inter religion relationship,1
international competition,1
international manhunt,1
international summit,1
italian mafia,1
its morbin time,1
kitesurfing,1
kid genius,1
jury,1
jury trial,1
k2,1
kalahari,1
kalahari desert,1
karate,1
kashmir,1
katana sword,1
 ,1
kgb,1
kickboxing,1
kid,1
killed,1
junkie,1
killer bees,1
killer clown,1
killer daughter,1
killer robot,1
killers,1
killing a cat,1
kimono,1
kindergarten,1
king arthur,1
king kong,1
king midas,1
kingpin,1
jurassic,1
journey in the past,1
jailbreak,1
jew persecution,1
jakarta indonesia,1
janitor,1
japanese occupation of korea,1
jazz,1
jds myoko,1
jealous of someones success,1
jekyll and hyde,1
jerusalem,1
jesus christ,1
jet,1
jet fighter pilot,1
jetski,1
jewel heist,1
joke,1
jewelry heist,1
jewish ghetto,1
jewish girl,1
jewish life,1
jgm,1
jinn,1
job entrant,1
job hunting,1
job promotion,1
jobless,1
jock,1
joint chiefs of staff,1
mafia boss,1
magazine editor,1
magazine writer,1
mogadishu,1
mission of murder,1
missionary,1
mississippi river,1
mistery,1
mistress,1
mobile,1
mockery,1
mocking,1
mockumentary,1
model student,1
modeling,1
modified vehicle,1
mola ott,1
missing friend,1
mole,1
mona lisa la gioconda,1
monaco,1
money delivery,1
mongrel,1
monitor,1
monk,1
monster island,1
monster movie,1
monsters,1
monte carlo,1
moon troupe,1
missing relative,1
missing dog,1
morgue,1
mirage,1
military police,1
military unit,1
military weapons,1
millennium,1
mind control,1
mind possession,1
mind reading,1
mine explosion,1
mini cooper,1
minimalism,1
minority communities,1
minstrel,1
misadventure,1
missing daughter,1
miscarriage,1
miscegenation,1
mischief,1
mischievous children,1
misfit,1
misinformation,1
misogynist,1
misogyny,1
missed flight,1
missed opportunity,1
missile,1
missing child,1
moose,1
mortality,1
military life,1
music critic,1
multiple sclerosis,1
multiple storylines,1
munchausen syndrome by proxy,1
murder case,1
murder of a prostitute,1
murder of husband,1
murder suspect,1
muscleman,1
muscles,1
museum,1
music,1
music concert,1
music hall,1
multiple personality,1
music piracy,1
music record,1
music recording,1
music school,1
music teacher,1
music video,1
muslim,1
mutter tochter,1
mysterious box,1
mysterious killer,1
mysterious past,1
mystery killer,1
multiple perspectives,1
multiculturalism,1
mosasaurus,1
motorbike,1
moscow,1
motel room,1
mother and daughter,1
mother child bond,1
mother child separation,1
mother daughter estrangement,1
mother daughter reunion,1
mother looking for child,1
mother son estrangement,1
motherinlaw,1
mothers undying love,1
motor sport,1
motorsport,1
muhammad ali,1
mountain climbing,1
mountaineer,1
mountaineering,1
mountains,1
mourning,1
mouse,1
movie business,1
movie fan,1
movie star,1
moving in,1
moving out,1
moving to a city,1
military officer,1
military discharge,1
mage,1
marital discord,1
manifest destiny,1
manila philippines,1
manipulated woman,1
manipulation of the media,1
manipulative friend,1
manipulative relationship,1
manipulative woman,1
manitoba,1
manor,1
mansion,1
marine,1
marine sniper,1
marital strife,1
manchuria,1
marrakesh,1
marriage crisis,1
married man,1
marsh,1
martha stewart,1
maryland,1
mask,1
masked killer,1
masked superhero,1
masked supervillain,1
mass casualties,1
mass hysteria,1
maniac,1
manaslu,1
mass shooting,1
maine,1
maggots,1
magic mirror,1
magic mushroom,1
magic realism,1
magic show,1
magic spell,1
magic world,1
magical creature,1
magical girl,1
magical object,1
magnet,1
maharajah,1
makeshift family,1
man vs nature,1
making amends,1
male chauvinist,1
male egos,1
male homosexuality,1
male masturbation,1
male model,1
male stripper,1
male stripping,1
mall,1
mammoth,1
man hunt,1
man vs machine,1
mass murderer,1
massacres,1
militarism,1
mexican cartel,1
merpeople,1
message,1
messiah,1
metamorphosis,1
meteor crash,1
meteorologist,1
metereologist,1
meth lab,1
metropolitan police department,1
mexican,1
mexican american,1
mexican american border,1
mexican federale,1
mentor,1
mexican folklore,1
mexican law enforcement,1
mexican legend,1
mexican police,1
mi5,1
micro budget,1
microbiology,1
microchip,1
microship,1
middle class,1
middle school,1
milan,1
mermaid,1
mentally handicapped man,1
master disciple relationship,1
medieval france,1
masturbation,1
materialism,1
math genius,1
math teacher,1
mathematician,1
matter of life and death,1
maya civilization,1
medical examiner,1
medical experiment,1
medical scandal,1
medical student,1
medicine,1
meditative,1
mentally disabled,1
mediterranean,1
meet the family,1
meeting,1
meeting on the internet,1
meiji period,1
melodrama,1
meme,1
memoir,1
memphis,1
menace,1
mental hospital,1
mental institution,1
inferiority,1
indonesian,1
indonesia,1
fugitive suspect,1
friend murder,1
friends reunion,1
friends since college,1
friends to lovers,1
friends wedding,1
friendship between women,1
frog prince,1
frozen,1
frozen alive,1
fruit,1
frustrated,1
fugitive lovers,1
fun become fear,1
french riviera,1
fundraiser,1
furious,1
futbol club barcelona,1
futuristic,1
gadget,1
galaxy,1
gambling,1
game developer,1
gamestop,1
gang violence,1
gang war,1
garage,1
fresh city,1
french cuisine,1
garbage truck,1
fortune hunters,1
foreign country,1
foreign holiday,1
foreign language adaptation,1
foreign legion,1
forensic archaeology,1
forever,1
forgiveness,1
former best friend,1
former detective,1
former gangster,1
former lovers,1
former police officer,1
forty something,1
french army,1
fossil,1
foster care,1
foster child,1
foster family,1
fox,1
framed for a crime,1
frankenstein,1
free diving,1
free spirited,1
freed slave,1
freedom fighter,1
freight train,1
garbage,1
garbageman,1
forced retirement,1
global economy,1
ghostbuster,1
ghosts,1
giant ape,1
giant creature,1
giant lizard,1
giant robot,1
giant worm,1
girl biker,1
girls,1
girls boarding school,1
glasses,1
global catastrophe,1
globalization,1
ghost nurse,1
glock,1
gnome,1
goat,1
gold rush,1
gone into hiding,1
good cop bad cop,1
goofy,1
gorilla,1
gossip,1
gothic horror,1
government,1
government corruption,1
ghost shooter,1
ghost hunting,1
garden,1
genetic experiment,1
gas,1
gas station,1
gated community,1
gay club,1
gay couple,1
gay erotica,1
gay pink film,1
gay subplot,1
geisha,1
gender swap,1
generation gap,1
genesis,1
genetic memory,1
ghost child,1
genetic science,1
genetic scientist,1
genius,1
genocide survivor,1
gentleminions,1
gentrification,1
geologist,1
german shepherd,1
german soldier,1
get together,1
getaway,1
getaway car,1
forced to kill,1
football soccer player,1
gps,1
fencing,1
female general,1
female journalist,1
female killer,1
female lover,1
female police officer,1
female serial killer,1
female sniper,1
female spy,1
female wrestler,1
female yakuza,1
feminism,1
femme fatale,1
feral child,1
female cyborg,1
fertility,1
fertility clinic,1
festival,1
feud,1
fictional government agency,1
fictional language,1
fictional war,1
fictional world,1
fictionalized history,1
fictitious country,1
field agent,1
fight for life,1
female director,1
female child abuser,1
filing,1
fashion designer,1
family tension,1
family traditions,1
family trip,1
family values,1
famous,1
famous actress,1
famous people,1
fantasy comedy,1
fantasy sequence,1
farm house,1
fascism,1
fashion design,1
fashion industry,1
female bully,1
fast,1
fast car,1
father and daughter,1
father son reunion,1
fear of commitment,1
fear of death,1
fear of the dark,1
fears,1
federal penitentiary,1
federal prosecutor,1
feel good,1
feeling uncomfortable,1
fight for survival,1
film archives,1
football soccer match,1
folk,1
flies,1
flirting,1
flirty neighbor,1
float,1
floating city,1
flooding,1
florist,1
flute,1
fly,1
flying horse,1
flying saucer,1
flying upside down,1
folklore,1
flashbacks,1
food chain,1
food critic,1
food culture,1
food delivery,1
food documentary,1
food manufacturing plant,1
food poisoning,1
food reviews,1
food safety,1
foot,1
football game,1
football soccer fan,1
flat,1
fixer,1
film censorship,1
fire engine,1
film noir,1
film score,1
finance,1
finance trading,1
finances,1
financial crisis,1
financial market,1
financial problem,1
financial transactions,1
fine dining,1
finger gun,1
fire bombing,1
fire escape,1
fitting in,1
firefly,1
fireplace,1
first class,1
first date,1
first generation,1
first kiss,1
first lady,1
fish market,1
fish trio,1
fishing,1
fist fight,1
fitness,1
government official,1
grade school,1
indifferent,1
horse ranch,1
hooker,1
hope,1
hope for a new life,1
hope for future,1
hopeless romantic,1
hopelessness,1
horde,1
horrific crime,1
horror parody,1
horror spoof,1
horroradjacent,1
horse,1
hospice care,1
honesty,1
hot cross buns,1
hotbox,1
hotel chain,1
hotel room,1
house arrest,1
house rental,1
house swapping,1
househusband,1
how to,1
huang feihong,1
hula hoop,1
human bomb,1
honor,1
honduras,1
human experiment,1
holiday special,1
historical artifacts,1
historical epic,1
historical reenactment,1
history,1
history and legacy,1
hitandrun,1
hitchhiker,1
ho chi minh,1
hokkaido,1
holding breath under water,1
holiday horror,1
holiday season,1
hollywood star,1
homosexuality,1
home,1
home alone,1
home planet,1
home remodeling,1
home shopping,1
homeless,1
homeless girl,1
homeless person,1
homelessness,1
homicide detective,1
homicide investigation,1
homoeroticism,1
human brain,1
human history,1
hippie lifestyle,1
important meeting,1
illuminati,1
illusion,1
illusionist,1
illustrator,1
imaginary,1
imagination,1
immigration law,1
imminent wedding,1
immunity,1
imperfection,1
impersonation fraud,1
implant,1
impostor,1
illegal immigration,1
impoverished,1
imprinting,1
improvisation,1
improvised,1
in love with best friend,1
in the dark,1
in time,1
incest overtones,1
incident,1
incredulous,1
indian wedding,1
indiana pacers,1
illegal website,1
illegal drug,1
human made disaster,1
husky,1
human prey,1
human robot,1
human science,1
humancomputer interaction,1
humanity,1
humankind,1
hunger strike,1
hunt,1
hunting,1
hunting lodge,1
huntsman,1
husband,1
hussite wars 14191434,1
idol group,1
hybrid,1
hypnosis,1
hypnotism,1
ibiza,1
ice hockey,1
ice melting,1
ice road,1
ice sculpture,1
ice skating,1
iceberg,1
identical twin,1
idle rich,1
hispanic,1
hiphop,1
graffiti,1
gunsmith,1
guardian,1
guinea pig,1
guitar,1
guitar player,1
gun death,1
gun fight,1
gun range,1
gun violence,1
gunnery sergeant,1
gunnm,1
guns,1
guns and weapons,1
gym,1
grumpy man,1
gymnastics,1
haiku,1
hail,1
half breed,1
halloween night,1
halloween party,1
hallucinogen,1
hammer,1
hamptons,1
handshake,1
handyman,1
hangover,1
gryphon,1
grudge,1
happy ending,1
great wall of china,1
grain silo,1
granada,1
grandfather granddaughter relationship,1
grandmother granddaughter relationship,1
grandmothers birthday,1
grandparents,1
grandson,1
grave digging,1
graveyard,1
graveyard shift,1
great dane,1
great grandson,1
great white shark,1
groundhog day,1
greed,1
green card,1
green zone,1
greenhouse effect,1
greenland,1
grenade launcher,1
grifter,1
grim,1
grindhouse,1
gritty,1
grizzly bear,1
grocer,1
hanoi,1
hard,1
hindu mythology,1
hiding,1
heritage,1
hermit,1
hermit crab,1
heroes,1
heroin,1
heroine,1
heros journey,1
hidden agenda,1
hidden cache,1
hidden identity,1
hidden room,1
hidden truth,1
high school band,1
henchmen,1
high school classmates,1
high school drop out,1
high school graduation,1
high school romance,1
high society,1
high speed,1
high tech,1
highlander,1
highprofile client,1
highway of death,1
hijacking,1
hillbilly,1
henshin heroes,1
hell unleashed,1
hardship,1
headphones,1
harlem,1
harmonica,1
hat,1
hate to love,1
hatred,1
haunted,1
haunted apartment,1
haunted by the past,1
haunted ship,1
haute cuisine,1
hazing,1
hdd,1
headstrong son,1
helicopter crash,1
healing gift,1
health,1
health inequality,1
heart disease,1
heartbreak,1
heavy metal,1
heavyweight boxer,1
heavyweight champion,1
hedge fund,1
hedonism,1
heiress,1
held captive,1
zoologist,1
